age,gender,marital_status,num_dependents,grade_rank,salary,years_of_service,num_prior_reenlistments,bonuses_received,retained
24,Female,Single,0,E-6 (TSgt),46003,8,2,0,True
37,Male,Single,0,E-8 (SMSgt),82545,21,5,15000,True
32,Male,Married,1,E-6 (TSgt),46591,12,3,25000,True
28,Male,Married,0,E-5 (SSgt),40215,8,2,0,True
25,Male,Single,2,E-5 (SSgt),40548,6,1,0,True
38,Male,Married,0,E-8 (SMSgt),78248,20,5,15000,True
24,Male,Single,0,E-6 (TSgt),45935,8,2,5000,True
43,Male,Married,2,E-7 (MSgt),68609,24,6,15000,True
36,Male,Married,2,E-8 (SMSgt),75671,18,4,0,True
40,Male,Married,1,E-7 (MSgt),64143,21,5,0,True
28,Male,Married,1,E-6 (TSgt),47784,12,3,0,True
28,Male,Single,0,E-5 (SSgt),41864,8,2,10000,True
41,Male,Single,1,E-7 (MSgt),65966,21,5,0,True
38,Female,Single,0,E-8 (SMSgt),81316,20,5,15000,True
21,Male,Single,0,E-5 (SSgt),39314,4,1,0,False
25,Male,Married,2,E-4 (SrA),37363,7,1,0,True
41,Male,Married,2,E-8 (SMSgt),86602,24,6,5000,True
20,Male,Married,2,E-2 (Amn),27298,1,0,0,False
39,Male,Married,3,E-8 (SMSgt),78473,20,5,25000,True
38,Male,Married,3,E-9 (CMSgt),101475,22,5,5000,True
19,Male,Married,0,E-3 (A1C),29650,2,0,0,False
41,Male,Married,2,E-8 (SMSgt),86499,25,6,0,True
29,Male,Single,0,E-5 (SSgt),40960,9,2,0,False
23,Male,Single,2,E-4 (SrA),36781,6,1,0,False
19,Male,Single,0,E-2 (Amn),28842,1,0,0,False
45,Male,Married,3,E-8 (SMSgt),88901,25,6,20000,True
38,Male,Married,4,E-7 (MSgt),64560,18,4,15000,True
18,Male,Single,0,E-1 (AB),24798,0,0,0,False
29,Male,Married,3,E-5 (SSgt),42535,9,2,20000,True
43,Male,Married,0,E-9 (CMSgt),106666,26,6,0,True
39,Female,Married,0,E-8 (SMSgt),80058,23,5,25000,True
29,Male,Single,1,E-6 (TSgt),45883,9,2,0,True
42,Male,Married,0,E-8 (SMSgt),85318,25,6,0,True
34,Female,Single,0,E-7 (MSgt),62623,15,3,30000,True
44,Female,Single,0,E-7 (MSgt),72439,27,6,20000,True
44,Male,Single,1,E-7 (MSgt),73301,27,6,0,True
27,Male,Married,0,E-6 (TSgt),47241,10,2,0,True
45,Female,Single,0,E-7 (MSgt),73939,27,6,15000,True
45,Male,Married,0,E-9 (CMSgt),110039,27,6,0,True
33,Male,Married,2,E-7 (MSgt),57172,14,3,20000,True
32,Male,Single,0,E-6 (TSgt),50997,14,3,0,True
32,Male,Married,3,E-6 (TSgt),53481,15,3,0,True
36,Male,Married,3,E-7 (MSgt),65081,20,5,15000,True
29,Male,Single,1,E-6 (TSgt),46041,10,2,0,True
40,Male,Married,3,E-8 (SMSgt),83049,22,5,0,True
37,Male,Single,0,E-7 (MSgt),65188,18,4,20000,True
42,Male,Married,1,E-7 (MSgt),67673,25,6,15000,True
20,Male,Single,0,E-2 (Amn),28606,1,0,0,False
22,Male,Single,0,E-4 (SrA),34320,2,0,0,True
36,Male,Single,0,E-7 (MSgt),62901,18,4,10000,True
24,Female,Married,3,E-5 (SSgt),40716,5,1,0,True
38,Male,Married,1,E-7 (MSgt),68314,21,5,15000,True
26,Male,Single,0,E-5 (SSgt),43448,9,2,0,True
24,Male,Married,1,E-5 (SSgt),39801,5,1,0,True
35,Male,Married,3,E-7 (MSgt),60937,18,4,0,True
21,Male,Single,0,E-5 (SSgt),37740,5,1,0,False
42,Male,Married,0,E-8 (SMSgt),86746,26,6,0,True
45,Male,Single,1,E-7 (MSgt),71220,27,6,0,True
31,Male,Married,1,E-6 (TSgt),47618,11,2,0,True
35,Male,Married,2,E-7 (MSgt),63335,16,4,20000,True
43,Male,Married,3,E-7 (MSgt),70812,23,5,0,True
26,Male,Single,0,E-6 (TSgt),46743,9,2,10000,True
43,Male,Single,0,E-8 (SMSgt),86079,23,5,15000,True
38,Male,Single,0,E-9 (CMSgt),100532,21,5,0,True
19,Female,Single,0,E-4 (SrA),33014,2,0,20000,True
37,Male,Married,1,E-7 (MSgt),62312,19,4,30000,True
45,Male,Married,2,E-7 (MSgt),73045,27,6,0,True
32,Male,Married,3,E-6 (TSgt),53016,15,3,0,True
45,Male,Married,2,E-9 (CMSgt),106691,27,6,0,True
24,Male,Single,0,E-5 (SSgt),42118,8,2,0,True
29,Male,Single,0,E-7 (MSgt),54315,12,3,10000,True
25,Male,Single,0,E-6 (TSgt),46322,8,2,10000,True
32,Male,Single,1,E-6 (TSgt),50499,12,3,0,True
20,Male,Single,0,E-1 (AB),24704,0,0,0,False
31,Male,Single,0,E-7 (MSgt),62675,15,3,0,True
34,Male,Single,0,E-8 (SMSgt),77644,17,4,20000,True
21,Male,Married,2,E-3 (A1C),31200,2,0,0,True
35,Male,Married,2,E-7 (MSgt),62474,15,3,0,True
25,Male,Single,0,E-6 (TSgt),47533,9,2,0,True
21,Male,Single,0,E-4 (SrA),35441,4,1,0,False
19,Female,Married,1,E-4 (SrA),31607,2,0,0,True
23,Male,Single,0,E-5 (SSgt),37846,4,1,0,True
39,Male,Married,1,E-7 (MSgt),69076,23,5,5000,True
27,Male,Married,1,E-6 (TSgt),46162,10,2,15000,True
21,Male,Single,0,E-2 (Amn),27329,1,0,0,False
39,Male,Married,0,E-8 (SMSgt),82795,20,5,30000,True
35,Male,Married,1,E-8 (SMSgt),80874,19,4,0,True
43,Male,Married,0,E-7 (MSgt),72108,24,6,20000,True
29,Male,Single,0,E-5 (SSgt),41893,9,2,0,True
19,Male,Single,1,E-4 (SrA),32387,3,0,0,True
27,Female,Single,0,E-5 (SSgt),39688,8,2,10000,True
21,Male,Single,0,E-4 (SrA),33403,3,0,0,False
31,Male,Married,3,E-5 (SSgt),41886,11,2,20000,True
33,Male,Single,0,E-7 (MSgt),54914,13,3,0,True
32,Female,Married,0,E-7 (MSgt),58970,12,3,0,True
25,Male,Single,0,E-5 (SSgt),41401,7,1,15000,True
31,Male,Single,0,E-6 (TSgt),48956,13,3,0,True
40,Female,Single,0,E-8 (SMSgt),80050,23,5,15000,True
45,Female,Married,2,E-8 (SMSgt),87161,26,6,0,True
42,Female,Married,2,E-7 (MSgt),67264,25,6,0,True
25,Male,Married,3,E-5 (SSgt),41442,6,1,0,True
38,Male,Married,2,E-7 (MSgt),64765,20,5,5000,True
33,Male,Single,0,E-7 (MSgt),59293,15,3,0,True
30,Female,Married,3,E-7 (MSgt),57069,13,3,0,True
35,Male,Single,0,E-7 (MSgt),61466,19,4,20000,True
32,Male,Married,2,E-7 (MSgt),60706,15,3,5000,True
38,Male,Married,0,E-7 (MSgt),65729,19,4,10000,True
41,Male,Single,0,E-7 (MSgt),70903,24,6,0,True
43,Male,Married,4,E-9 (CMSgt),97312,23,5,0,True
42,Male,Married,1,E-9 (CMSgt),101758,23,5,0,True
45,Male,Married,1,E-8 (SMSgt),87664,26,6,0,True
45,Male,Single,2,E-7 (MSgt),75629,27,6,20000,True
45,Male,Married,3,E-8 (SMSgt),87310,27,6,20000,True
30,Male,Single,0,E-5 (SSgt),43452,11,2,0,True
26,Male,Single,0,E-5 (SSgt),41919,8,2,0,True
32,Male,Single,0,E-6 (TSgt),52482,15,3,0,True
30,Male,Single,0,E-6 (TSgt),46940,10,2,0,True
18,Male,Single,0,E-4 (SrA),33061,2,0,0,True
42,Male,Single,0,E-8 (SMSgt),84372,24,6,0,True
24,Male,Single,2,E-5 (SSgt),40241,5,1,0,False
26,Male,Married,1,E-6 (TSgt),45025,8,2,0,True
41,Male,Married,1,E-7 (MSgt),70468,22,5,10000,True
18,Male,Single,0,E-1 (AB),24213,0,0,0,True
29,Male,Married,0,E-6 (TSgt),49200,10,2,10000,True
25,Female,Single,0,E-6 (TSgt),46705,8,2,0,True
41,Male,Married,1,E-8 (SMSgt),80658,22,5,15000,True
28,Female,Single,0,E-5 (SSgt),43828,9,2,0,True
36,Male,Married,2,E-8 (SMSgt),70988,16,4,0,True
34,Male,Married,0,E-7 (MSgt),62423,15,3,25000,True
25,Male,Single,0,E-5 (SSgt),39350,5,1,0,False
20,Male,Single,0,E-5 (SSgt),36283,4,1,0,True
20,Male,Single,0,E-1 (AB),24553,0,0,0,False
18,Male,Single,0,E-3 (A1C),30666,1,0,0,True
44,Male,Married,2,E-7 (MSgt),66678,24,6,0,True
22,Female,Single,0,E-4 (SrA),36617,6,1,0,False
27,Female,Single,1,E-6 (TSgt),48251,10,2,0,True
24,Female,Married,2,E-4 (SrA),37547,6,1,15000,True
43,Male,Married,1,E-7 (MSgt),70155,25,6,0,True
26,Male,Single,0,E-4 (SrA),35340,6,1,0,True
45,Female,Single,1,E-7 (MSgt),67526,25,6,0,True
24,Male,Married,0,E-5 (SSgt),41758,8,2,0,True
26,Male,Single,0,E-6 (TSgt),46863,10,2,0,True
25,Male,Single,1,E-4 (SrA),38052,6,1,0,False
29,Male,Single,0,E-7 (MSgt),55165,13,3,5000,True
19,Female,Married,1,E-1 (AB),24652,0,0,0,True
18,Male,Single,0,E-3 (A1C),27887,1,0,0,False
33,Female,Married,2,E-7 (MSgt),55805,13,3,5000,True
40,Male,Married,4,E-7 (MSgt),68269,23,5,0,True
40,Male,Single,0,E-9 (CMSgt),102103,24,6,0,True
41,Male,Single,0,E-8 (SMSgt),85989,24,6,0,True
22,Female,Single,0,E-5 (SSgt),40432,5,1,15000,True
20,Male,Single,0,E-4 (SrA),34516,3,0,0,False
29,Male,Married,2,E-7 (MSgt),60317,13,3,10000,True
25,Male,Married,0,E-5 (SSgt),43008,8,2,10000,True
39,Female,Single,0,E-8 (SMSgt),79814,20,5,15000,True
44,Male,Married,3,E-8 (SMSgt),91329,27,6,0,True
20,Female,Single,0,E-4 (SrA),34528,3,0,15000,True
18,Male,Single,2,E-4 (SrA),31849,2,0,0,False
20,Male,Married,3,E-3 (A1C),30713,2,0,0,True
22,Male,Single,0,E-4 (SrA),32663,3,0,0,False
32,Male,Married,0,E-6 (TSgt),52280,15,3,0,True
31,Male,Single,0,E-6 (TSgt),50921,13,3,0,True
20,Male,Married,2,E-3 (A1C),28691,2,0,0,True
18,Male,Single,0,E-3 (A1C),29184,2,0,0,False
22,Female,Single,0,E-5 (SSgt),39554,4,1,0,True
43,Male,Single,0,E-7 (MSgt),70486,24,6,0,True
40,Male,Married,2,E-7 (MSgt),64725,21,5,25000,True
31,Female,Married,0,E-6 (TSgt),48941,11,2,25000,True
24,Male,Single,0,E-5 (SSgt),39214,5,1,10000,False
44,Male,Married,2,E-9 (CMSgt),105787,26,6,0,True
26,Female,Single,0,E-5 (SSgt),42496,7,1,0,False
32,Male,Married,1,E-8 (SMSgt),75224,16,4,0,True
32,Male,Single,0,E-6 (TSgt),48358,12,3,0,True
43,Male,Married,2,E-7 (MSgt),72888,25,6,25000,True
27,Female,Single,0,E-5 (SSgt),42125,7,1,0,False
45,Male,Married,0,E-7 (MSgt),70208,27,6,0,True
30,Male,Married,2,E-7 (MSgt),57028,14,3,25000,True
36,Female,Married,1,E-7 (MSgt),59236,16,4,0,True
24,Male,Single,0,E-4 (SrA),37920,7,1,20000,True
34,Male,Married,0,E-7 (MSgt),61595,16,4,0,True
37,Male,Married,2,E-8 (SMSgt),80087,20,5,5000,True
21,Male,Single,0,E-2 (Amn),29062,1,0,0,False
22,Male,Married,2,E-5 (SSgt),39910,5,1,0,True
40,Male,Married,2,E-7 (MSgt),66036,23,5,25000,True
24,Male,Single,0,E-4 (SrA),34302,4,1,25000,True
30,Male,Married,2,E-7 (MSgt),58409,14,3,0,True
32,Female,Married,1,E-7 (MSgt),59255,15,3,0,True
28,Male,Single,0,E-5 (SSgt),44763,11,2,0,False
21,Female,Single,1,E-5 (SSgt),40361,5,1,0,True
30,Male,Married,1,E-6 (TSgt),48942,13,3,15000,True
24,Female,Married,3,E-5 (SSgt),40775,7,1,0,False
44,Male,Married,2,E-7 (MSgt),75053,27,6,0,True
36,Male,Married,2,E-8 (SMSgt),74558,17,4,0,True
39,Female,Married,0,E-8 (SMSgt),80344,23,5,10000,True
45,Male,Married,2,E-7 (MSgt),72759,27,6,0,True
19,Male,Single,0,E-4 (SrA),32528,3,0,0,False
27,Male,Married,1,E-5 (SSgt),44161,9,2,0,True
30,Male,Single,0,E-6 (TSgt),46885,12,3,0,True
42,Male,Single,1,E-7 (MSgt),70329,25,6,0,True
38,Male,Single,0,E-7 (MSgt),67700,22,5,0,True
23,Male,Married,0,E-4 (SrA),39014,7,1,0,False
45,Male,Married,3,E-8 (SMSgt),85427,27,6,0,True
45,Male,Married,2,E-9 (CMSgt),101692,26,6,15000,True
29,Male,Married,1,E-6 (TSgt),45666,11,2,30000,True
29,Female,Married,1,E-6 (TSgt),48190,13,3,5000,True
37,Male,Single,0,E-7 (MSgt),64465,21,5,0,True
28,Male,Married,4,E-5 (SSgt),42843,9,2,15000,True
43,Male,Married,1,E-8 (SMSgt),82055,24,6,15000,True
40,Female,Married,0,E-8 (SMSgt),80374,24,6,10000,True
45,Male,Married,2,E-7 (MSgt),73076,25,6,10000,True
42,Male,Married,2,E-8 (SMSgt),85889,26,6,10000,True
24,Male,Single,0,E-6 (TSgt),44539,8,2,0,True
18,Male,Married,2,E-1 (AB),23725,0,0,0,False
18,Male,Single,0,E-1 (AB),25354,0,0,0,False
42,Female,Single,2,E-8 (SMSgt),84188,26,6,0,True
44,Female,Married,2,E-9 (CMSgt),111650,27,6,0,True
42,Male,Married,0,E-8 (SMSgt),89469,26,6,25000,True
37,Male,Married,2,E-8 (SMSgt),73266,18,4,0,True
30,Female,Married,2,E-7 (MSgt),61650,14,3,0,True
26,Male,Single,0,E-5 (SSgt),42168,10,2,0,True
20,Male,Single,0,E-3 (A1C),29473,3,0,0,False
24,Male,Single,0,E-4 (SrA),35981,4,1,0,False
23,Male,Single,0,E-4 (SrA),36362,5,1,0,False
25,Male,Married,3,E-5 (SSgt),39294,5,1,30000,True
44,Male,Married,0,E-7 (MSgt),70432,27,6,0,True
26,Female,Married,1,E-6 (TSgt),45103,8,2,0,True
22,Female,Single,0,E-5 (SSgt),40815,6,1,0,False
18,Male,Single,0,E-2 (Amn),27289,1,0,0,False
36,Male,Single,0,E-7 (MSgt),64091,20,5,30000,True
27,Female,Single,0,E-6 (TSgt),42955,8,2,0,True
29,Female,Single,0,E-7 (MSgt),54767,12,3,0,True
41,Male,Single,0,E-8 (SMSgt),84854,22,5,10000,True
32,Female,Married,3,E-6 (TSgt),51491,15,3,0,True
44,Female,Single,1,E-8 (SMSgt),92658,27,6,0,True
39,Male,Married,2,E-7 (MSgt),64640,20,5,15000,True
41,Male,Married,2,E-7 (MSgt),70063,23,5,0,True
26,Male,Single,0,E-5 (SSgt),38836,6,1,0,False
37,Male,Married,2,E-8 (SMSgt),79369,21,5,20000,True
34,Male,Married,2,E-7 (MSgt),60135,17,4,10000,True
34,Female,Married,4,E-8 (SMSgt),75336,18,4,5000,True
43,Male,Married,0,E-8 (SMSgt),84820,24,6,0,True
37,Male,Single,0,E-8 (SMSgt),84422,21,5,10000,True
29,Male,Married,2,E-5 (SSgt),43863,10,2,0,True
24,Male,Married,1,E-6 (TSgt),43841,8,2,30000,True
19,Female,Single,0,E-1 (AB),23102,0,0,0,False
20,Male,Single,0,E-1 (AB),23299,0,0,0,False
34,Male,Single,0,E-6 (TSgt),51169,14,3,0,True
22,Male,Married,3,E-4 (SrA),34132,2,0,0,True
34,Male,Married,2,E-7 (MSgt),61378,14,3,0,True
41,Male,Single,0,E-7 (MSgt),63194,21,5,10000,True
34,Male,Single,0,E-7 (MSgt),60014,15,3,0,True
44,Male,Married,3,E-9 (CMSgt),107061,27,6,20000,True
34,Male,Single,1,E-7 (MSgt),64129,18,4,0,True
19,Male,Married,2,E-1 (AB),24348,0,0,0,False
19,Male,Single,0,E-1 (AB),24656,0,0,0,False
45,Female,Married,0,E-9 (CMSgt),107443,26,6,0,True
39,Male,Single,1,E-9 (CMSgt),92473,20,5,0,True
40,Male,Married,2,E-8 (SMSgt),85593,23,5,0,True
22,Male,Married,3,E-4 (SrA),35045,6,1,0,True
18,Male,Single,0,E-3 (A1C),29859,1,0,0,False
18,Male,Married,2,E-1 (AB),24001,0,0,0,False
36,Male,Married,3,E-8 (SMSgt),75292,17,4,0,True
19,Female,Single,0,E-2 (Amn),28958,1,0,0,True
38,Male,Married,1,E-7 (MSgt),65605,18,4,10000,True
29,Male,Single,0,E-6 (TSgt),47609,9,2,0,True
43,Male,Single,0,E-9 (CMSgt),105878,26,6,20000,True
23,Female,Single,0,E-5 (SSgt),41523,7,1,0,True
40,Male,Married,3,E-8 (SMSgt),81889,22,5,0,True
21,Male,Married,4,E-4 (SrA),36942,5,1,0,True
40,Male,Married,2,E-7 (MSgt),67921,23,5,0,True
28,Male,Single,0,E-6 (TSgt),47326,8,2,0,True
41,Male,Married,2,E-7 (MSgt),73824,25,6,10000,True
44,Female,Married,2,E-7 (MSgt),74704,27,6,0,True
34,Male,Single,0,E-6 (TSgt),49729,14,3,5000,True
23,Male,Single,0,E-5 (SSgt),37408,5,1,15000,False
41,Male,Single,1,E-9 (CMSgt),101225,21,5,0,True
22,Male,Single,0,E-4 (SrA),35199,6,1,0,True
37,Male,Single,0,E-7 (MSgt),66508,19,4,0,True
19,Male,Single,0,E-3 (A1C),29250,1,0,0,False
23,Male,Single,0,E-4 (SrA),33724,3,0,0,False
39,Male,Married,2,E-7 (MSgt),71353,23,5,0,True
28,Male,Single,1,E-5 (SSgt),44475,11,2,0,True
33,Male,Single,0,E-7 (MSgt),62530,17,4,0,True
33,Male,Married,2,E-7 (MSgt),59134,14,3,0,True
18,Male,Single,0,E-2 (Amn),27477,1,0,0,False
26,Male,Single,0,E-5 (SSgt),42611,8,2,0,True
45,Male,Married,2,E-8 (SMSgt),86194,27,6,0,True
44,Female,Single,0,E-8 (SMSgt),90881,26,6,25000,True
23,Female,Married,0,E-4 (SrA),37029,5,1,10000,True
33,Male,Single,0,E-8 (SMSgt),72668,16,4,0,True
20,Male,Single,0,E-3 (A1C),30680,2,0,20000,True
37,Male,Married,2,E-7 (MSgt),64703,19,4,0,True
45,Male,Single,0,E-8 (SMSgt),85646,26,6,0,True
44,Male,Single,0,E-8 (SMSgt),92696,27,6,5000,True
21,Male,Single,0,E-4 (SrA),33934,5,1,0,False
36,Male,Married,2,E-8 (SMSgt),73328,17,4,15000,True
43,Male,Single,0,E-8 (SMSgt),87234,26,6,0,True
20,Male,Married,2,E-1 (AB),24257,0,0,0,False
36,Male,Single,2,E-8 (SMSgt),74525,16,4,0,True
37,Male,Married,2,E-8 (SMSgt),77080,17,4,20000,True
24,Male,Married,2,E-5 (SSgt),39318,5,1,10000,True
37,Male,Single,0,E-7 (MSgt),63777,18,4,10000,True
26,Male,Married,2,E-5 (SSgt),39578,8,2,15000,True
18,Female,Single,0,E-1 (AB),23905,0,0,0,False
25,Male,Married,3,E-6 (TSgt),43989,8,2,10000,True
24,Male,Married,2,E-4 (SrA),36335,7,1,0,False
35,Male,Married,3,E-7 (MSgt),60203,15,3,0,True
25,Male,Married,1,E-5 (SSgt),37671,5,1,0,False
18,Male,Single,0,E-1 (AB),23705,0,0,0,False
28,Male,Married,3,E-5 (SSgt),41179,9,2,0,True
45,Female,Married,1,E-8 (SMSgt),90964,26,6,25000,True
42,Female,Married,0,E-8 (SMSgt),86798,23,5,15000,True
42,Male,Single,0,E-8 (SMSgt),88017,26,6,0,True
35,Male,Single,0,E-7 (MSgt),65824,18,4,0,True
40,Male,Married,1,E-7 (MSgt),70548,23,5,0,True
27,Male,Single,0,E-6 (TSgt),46558,9,2,15000,True
20,Female,Single,0,E-3 (A1C),27832,1,0,0,False
24,Male,Single,0,E-6 (TSgt),46432,8,2,15000,True
45,Male,Married,4,E-8 (SMSgt),90168,27,6,0,True
33,Male,Married,4,E-7 (MSgt),61669,16,4,0,True
43,Male,Married,2,E-8 (SMSgt),86620,24,6,25000,True
33,Male,Single,0,E-6 (TSgt),51859,15,3,0,True
42,Male,Married,3,E-9 (CMSgt),103023,23,5,0,True
37,Male,Married,2,E-8 (SMSgt),78459,17,4,0,True
45,Female,Single,0,E-8 (SMSgt),85978,26,6,20000,True
34,Female,Single,0,E-7 (MSgt),60012,14,3,0,True
19,Male,Married,2,E-1 (AB),24145,0,0,0,True
18,Male,Married,1,E-1 (AB),24626,0,0,0,False
33,Male,Married,2,E-7 (MSgt),62569,16,4,0,True
29,Male,Single,0,E-6 (TSgt),44944,10,2,15000,True
22,Male,Single,0,E-3 (A1C),30431,2,0,25000,True
22,Male,Single,0,E-4 (SrA),33112,3,0,0,False
44,Male,Married,0,E-7 (MSgt),74182,27,6,30000,True
40,Male,Married,2,E-8 (SMSgt),82839,23,5,0,True
26,Male,Married,1,E-6 (TSgt),48373,10,2,0,True
26,Male,Single,0,E-5 (SSgt),40698,9,2,0,False
20,Female,Single,0,E-3 (A1C),30370,2,0,0,True
36,Male,Single,0,E-8 (SMSgt),72232,16,4,25000,True
33,Male,Single,0,E-7 (MSgt),64245,17,4,0,True
33,Female,Single,0,E-6 (TSgt),54011,15,3,5000,True
20,Male,Single,1,E-2 (Amn),29217,1,0,0,True
37,Female,Married,3,E-7 (MSgt),63891,17,4,0,True
41,Female,Single,0,E-9 (CMSgt),105168,24,6,5000,True
39,Male,Single,0,E-7 (MSgt),62405,19,4,0,True
41,Male,Married,4,E-7 (MSgt),66392,22,5,10000,True
18,Male,Single,1,E-3 (A1C),29889,2,0,0,True
41,Male,Married,0,E-7 (MSgt),72699,25,6,0,True
37,Male,Single,0,E-7 (MSgt),69165,21,5,0,True
28,Male,Married,0,E-5 (SSgt),42649,11,2,0,True
34,Male,Married,4,E-7 (MSgt),63542,16,4,0,True
25,Female,Married,1,E-4 (SrA),37936,7,1,0,True
21,Female,Single,1,E-3 (A1C),29602,1,0,0,False
23,Male,Single,0,E-4 (SrA),35324,6,1,0,False
25,Male,Married,1,E-6 (TSgt),44092,9,2,0,True
37,Male,Single,1,E-8 (SMSgt),81015,21,5,30000,True
20,Male,Single,0,E-2 (Amn),28257,1,0,0,False
33,Female,Single,0,E-7 (MSgt),57088,14,3,0,True
42,Male,Married,0,E-8 (SMSgt),87551,26,6,0,True
20,Male,Single,0,E-5 (SSgt),39329,4,1,0,True
42,Male,Married,4,E-8 (SMSgt),88613,25,6,15000,True
35,Male,Single,0,E-7 (MSgt),64706,17,4,15000,True
31,Male,Single,0,E-7 (MSgt),55852,12,3,0,True
35,Female,Married,3,E-8 (SMSgt),73819,17,4,0,True
19,Male,Married,1,E-3 (A1C),30740,2,0,0,True
39,Male,Married,3,E-7 (MSgt),68115,23,5,0,True
20,Male,Single,0,E-3 (A1C),28754,2,0,20000,False
33,Female,Married,1,E-8 (SMSgt),73554,17,4,0,True
26,Female,Married,3,E-6 (TSgt),46701,10,2,0,True
21,Male,Single,0,E-3 (A1C),28670,1,0,5000,True
18,Male,Married,3,E-1 (AB),23797,0,0,0,True
21,Male,Married,3,E-4 (SrA),33340,3,0,0,True
18,Male,Single,0,E-4 (SrA),31726,2,0,0,False
31,Female,Married,0,E-6 (TSgt),51548,14,3,15000,True
38,Male,Married,4,E-8 (SMSgt),77251,18,4,0,True
33,Male,Married,3,E-7 (MSgt),63006,17,4,10000,True
37,Male,Married,0,E-8 (SMSgt),74152,18,4,15000,True
41,Male,Single,0,E-7 (MSgt),66119,22,5,0,True
25,Male,Single,0,E-5 (SSgt),39303,5,1,0,False
24,Male,Single,1,E-5 (SSgt),40969,7,1,0,False
20,Male,Single,0,E-5 (SSgt),38000,4,1,0,False
34,Male,Single,0,E-7 (MSgt),60055,16,4,25000,True
18,Male,Single,0,E-1 (AB),25203,0,0,0,False
33,Male,Single,0,E-8 (SMSgt),72685,16,4,10000,True
29,Male,Single,0,E-5 (SSgt),43822,11,2,15000,True
44,Male,Married,1,E-8 (SMSgt),87268,25,6,15000,True
36,Male,Married,2,E-8 (SMSgt),75511,17,4,20000,True
39,Male,Married,2,E-9 (CMSgt),96261,21,5,20000,True
40,Male,Single,0,E-9 (CMSgt),95537,20,5,0,True
39,Male,Single,0,E-7 (MSgt),67245,20,5,20000,True
31,Male,Single,0,E-6 (TSgt),50643,15,3,5000,True
23,Female,Single,0,E-5 (SSgt),37449,5,1,0,False
23,Male,Single,0,E-5 (SSgt),38113,5,1,10000,False
30,Male,Married,1,E-6 (TSgt),49704,11,2,0,True
36,Male,Married,2,E-7 (MSgt),58461,16,4,20000,True
39,Male,Married,2,E-8 (SMSgt),87189,23,5,20000,True
25,Male,Single,1,E-5 (SSgt),38998,5,1,20000,True
44,Male,Married,0,E-9 (CMSgt),112579,27,6,20000,True
44,Male,Single,0,E-7 (MSgt),76144,27,6,0,True
19,Male,Married,2,E-1 (AB),24089,0,0,0,False
38,Male,Married,2,E-8 (SMSgt),75479,19,4,15000,True
18,Male,Single,0,E-1 (AB),23392,0,0,0,False
45,Male,Married,2,E-8 (SMSgt),86081,27,6,0,True
32,Male,Single,1,E-6 (TSgt),49996,12,3,0,True
18,Male,Single,0,E-1 (AB),23654,0,0,0,False
22,Male,Single,0,E-4 (SrA),33503,3,0,0,False
45,Male,Single,0,E-8 (SMSgt),87926,27,6,0,True
33,Male,Single,0,E-7 (MSgt),60085,13,3,15000,True
36,Male,Married,1,E-7 (MSgt),62237,19,4,30000,True
21,Female,Single,0,E-3 (A1C),29186,3,0,0,True
20,Female,Single,0,E-3 (A1C),28672,2,0,0,True
34,Male,Married,0,E-7 (MSgt),63434,16,4,0,True
34,Male,Married,0,E-7 (MSgt),64075,18,4,0,True
29,Male,Single,0,E-6 (TSgt),46016,10,2,0,True
45,Male,Married,2,E-7 (MSgt),70587,27,6,10000,True
31,Male,Married,2,E-7 (MSgt),58646,15,3,0,True
38,Female,Single,0,E-9 (CMSgt),93992,21,5,10000,True
23,Male,Single,0,E-5 (SSgt),41454,6,1,0,False
20,Female,Married,1,E-3 (A1C),30110,1,0,0,True
45,Male,Married,1,E-8 (SMSgt),88046,27,6,5000,True
26,Male,Single,1,E-5 (SSgt),42045,7,1,0,False
22,Male,Married,2,E-4 (SrA),35505,6,1,20000,True
41,Female,Married,2,E-8 (SMSgt),87602,25,6,15000,True
34,Male,Married,1,E-7 (MSgt),65392,18,4,0,True
31,Female,Married,0,E-7 (MSgt),55801,12,3,20000,True
38,Male,Single,0,E-8 (SMSgt),82536,21,5,20000,True
20,Male,Single,0,E-4 (SrA),33345,3,0,0,True
45,Female,Single,0,E-8 (SMSgt),84016,25,6,0,True
18,Male,Single,0,E-3 (A1C),28813,2,0,0,False
37,Male,Single,2,E-9 (CMSgt),95579,20,5,0,True
38,Male,Single,0,E-7 (MSgt),64594,18,4,0,True
40,Female,Married,2,E-7 (MSgt),71607,23,5,0,True
18,Female,Single,1,E-4 (SrA),33596,2,0,0,False
20,Male,Married,0,E-3 (A1C),31081,2,0,0,False
35,Male,Single,0,E-8 (SMSgt),80335,19,4,20000,True
42,Female,Married,0,E-8 (SMSgt),80388,23,5,5000,True
27,Male,Single,0,E-5 (SSgt),43093,10,2,0,False
39,Male,Married,3,E-9 (CMSgt),95554,22,5,0,True
43,Female,Single,2,E-8 (SMSgt),85959,24,6,0,True
20,Male,Single,0,E-2 (Amn),29088,1,0,0,False
25,Male,Single,0,E-5 (SSgt),39092,7,1,0,True
31,Male,Single,0,E-7 (MSgt),60163,14,3,0,True
41,Female,Married,3,E-7 (MSgt),70597,24,6,0,True
35,Female,Married,1,E-7 (MSgt),62573,17,4,0,True
32,Female,Single,0,E-6 (TSgt),48429,12,3,25000,True
39,Male,Married,1,E-7 (MSgt),65447,21,5,20000,True
40,Female,Single,0,E-9 (CMSgt),97901,24,6,0,True
19,Female,Married,1,E-4 (SrA),32313,2,0,0,False
44,Male,Married,3,E-7 (MSgt),67334,25,6,0,True
27,Female,Single,0,E-6 (TSgt),48417,11,2,20000,True
19,Male,Married,1,E-3 (A1C),28809,2,0,0,True
43,Male,Single,0,E-9 (CMSgt),108054,25,6,0,True
34,Male,Single,0,E-8 (SMSgt),76684,18,4,0,True
25,Male,Married,3,E-5 (SSgt),42255,8,2,0,True
18,Male,Single,0,E-1 (AB),23988,0,0,0,False
26,Male,Married,4,E-5 (SSgt),39942,6,1,0,True
28,Male,Single,0,E-6 (TSgt),48185,9,2,10000,True
39,Male,Married,1,E-7 (MSgt),64682,22,5,0,True
33,Male,Married,0,E-6 (TSgt),48681,13,3,15000,True
24,Male,Single,0,E-5 (SSgt),40813,6,1,0,False
27,Male,Single,0,E-6 (TSgt),45195,10,2,0,True
40,Female,Single,1,E-9 (CMSgt),95144,22,5,0,True
43,Male,Single,1,E-8 (SMSgt),84553,25,6,0,True
20,Male,Single,0,E-1 (AB),23216,0,0,0,False
35,Female,Married,0,E-8 (SMSgt),77157,18,4,10000,True
42,Male,Single,0,E-8 (SMSgt),84676,26,6,30000,True
41,Male,Married,2,E-9 (CMSgt),101626,21,5,0,True
30,Male,Single,0,E-6 (TSgt),48419,10,2,0,True
45,Female,Single,0,E-7 (MSgt),74398,27,6,0,True
43,Male,Married,3,E-8 (SMSgt),88078,26,6,10000,True
24,Female,Single,0,E-5 (SSgt),41145,6,1,5000,True
42,Male,Single,2,E-7 (MSgt),68805,25,6,0,True
21,Female,Single,0,E-4 (SrA),35313,3,0,0,True
30,Female,Single,0,E-5 (SSgt),44404,10,2,10000,True
37,Female,Married,2,E-7 (MSgt),64710,18,4,20000,True
18,Male,Single,0,E-4 (SrA),33454,2,0,0,True
25,Male,Married,1,E-4 (SrA),34721,5,1,0,True
31,Male,Single,0,E-6 (TSgt),50462,14,3,0,True
33,Male,Married,1,E-7 (MSgt),63876,17,4,15000,True
31,Male,Single,0,E-7 (MSgt),53961,12,3,20000,True
29,Female,Married,0,E-5 (SSgt),44372,10,2,0,True
36,Female,Married,1,E-8 (SMSgt),74518,18,4,10000,True
40,Male,Married,2,E-7 (MSgt),67197,24,6,0,True
32,Male,Single,0,E-7 (MSgt),56529,14,3,0,True
45,Male,Married,2,E-9 (CMSgt),99244,25,6,20000,True
19,Male,Single,0,E-4 (SrA),34123,3,0,0,True
19,Male,Single,0,E-1 (AB),23522,0,0,0,False
40,Male,Married,0,E-8 (SMSgt),85786,22,5,5000,True
39,Male,Married,0,E-8 (SMSgt),83721,23,5,15000,True
36,Male,Single,0,E-8 (SMSgt),73736,18,4,10000,True
42,Male,Married,2,E-7 (MSgt),73210,26,6,0,True
43,Male,Married,2,E-7 (MSgt),73579,25,6,0,True
39,Male,Single,1,E-7 (MSgt),66923,20,5,0,True
43,Male,Single,0,E-8 (SMSgt),82109,25,6,15000,True
43,Female,Married,1,E-7 (MSgt),72434,24,6,0,True
39,Male,Married,2,E-8 (SMSgt),82830,21,5,0,True
34,Male,Single,1,E-8 (SMSgt),73892,18,4,0,True
37,Male,Single,0,E-7 (MSgt),63433,21,5,0,True
27,Male,Single,0,E-6 (TSgt),48301,11,2,0,True
23,Female,Single,0,E-5 (SSgt),38336,6,1,0,False
32,Male,Single,0,E-7 (MSgt),58506,12,3,0,True
39,Male,Single,0,E-9 (CMSgt),99532,23,5,10000,True
28,Male,Married,0,E-6 (TSgt),48048,9,2,0,True
45,Female,Married,2,E-9 (CMSgt),108079,27,6,20000,True
22,Female,Single,0,E-4 (SrA),34495,5,1,0,False
18,Male,Single,1,E-1 (AB),23331,0,0,5000,True
25,Male,Single,0,E-6 (TSgt),45546,8,2,0,True
38,Male,Single,0,E-8 (SMSgt),79864,19,4,5000,True
45,Female,Married,1,E-7 (MSgt),74995,27,6,0,True
29,Male,Married,1,E-6 (TSgt),45108,9,2,0,True
29,Female,Single,0,E-5 (SSgt),41040,9,2,10000,True
22,Male,Married,3,E-5 (SSgt),36962,5,1,0,True
24,Male,Married,2,E-4 (SrA),35458,4,1,0,True
21,Male,Single,0,E-5 (SSgt),36367,4,1,0,False
23,Male,Married,3,E-5 (SSgt),39387,6,1,0,True
30,Male,Married,1,E-7 (MSgt),58287,13,3,10000,True
37,Male,Single,0,E-7 (MSgt),64767,17,4,0,True
32,Male,Single,0,E-6 (TSgt),50818,15,3,5000,True
20,Male,Single,0,E-1 (AB),23598,0,0,0,False
40,Male,Single,0,E-9 (CMSgt),102519,23,5,0,True
25,Male,Married,2,E-5 (SSgt),42795,9,2,10000,True
37,Female,Single,0,E-8 (SMSgt),77817,20,5,0,True
33,Female,Single,0,E-7 (MSgt),61305,14,3,30000,True
30,Female,Single,0,E-7 (MSgt),59690,13,3,0,True
35,Female,Married,3,E-7 (MSgt),60342,17,4,5000,True
45,Male,Married,4,E-8 (SMSgt),86073,27,6,0,True
27,Male,Single,0,E-6 (TSgt),45256,8,2,15000,True
36,Male,Married,2,E-8 (SMSgt),77244,17,4,0,True
34,Male,Single,0,E-7 (MSgt),56108,14,3,0,True
41,Male,Married,1,E-7 (MSgt),72133,25,6,15000,True
36,Female,Single,0,E-7 (MSgt),65185,19,4,0,True
45,Male,Married,2,E-7 (MSgt),68864,25,6,15000,True
43,Male,Married,3,E-8 (SMSgt),89981,27,6,0,True
40,Male,Single,0,E-7 (MSgt),71607,23,5,0,True
43,Male,Single,0,E-8 (SMSgt),81855,25,6,15000,True
22,Male,Single,0,E-4 (SrA),34983,5,1,0,False
43,Male,Single,1,E-7 (MSgt),69245,24,6,20000,True
38,Female,Single,0,E-8 (SMSgt),80933,19,4,0,True
40,Male,Married,2,E-8 (SMSgt),85564,22,5,20000,True
26,Male,Single,0,E-4 (SrA),36214,6,1,0,False
29,Female,Single,0,E-7 (MSgt),59143,13,3,20000,True
38,Female,Single,0,E-7 (MSgt),66620,21,5,10000,True
18,Female,Single,0,E-1 (AB),24295,0,0,0,False
43,Female,Married,1,E-8 (SMSgt),81258,23,5,20000,True
43,Male,Married,1,E-8 (SMSgt),83314,25,6,0,True
18,Male,Single,0,E-1 (AB),23690,0,0,0,False
32,Male,Married,2,E-6 (TSgt),51137,14,3,0,True
19,Male,Single,0,E-4 (SrA),31685,2,0,0,False
39,Male,Single,0,E-8 (SMSgt),86487,23,5,0,True
33,Male,Single,0,E-6 (TSgt),49103,14,3,0,True
42,Male,Single,0,E-7 (MSgt),66668,23,5,10000,True
25,Male,Single,0,E-5 (SSgt),41503,8,2,0,True
30,Male,Single,0,E-6 (TSgt),48074,10,2,25000,True
38,Male,Single,0,E-7 (MSgt),64770,22,5,10000,True
18,Male,Single,0,E-1 (AB),23762,0,0,0,True
33,Male,Married,0,E-7 (MSgt),64963,17,4,0,True
24,Female,Single,0,E-5 (SSgt),37915,5,1,25000,True
22,Male,Single,0,E-5 (SSgt),38959,6,1,0,False
39,Male,Married,2,E-7 (MSgt),68644,21,5,0,True
40,Male,Married,2,E-7 (MSgt),63422,21,5,10000,True
20,Female,Single,1,E-5 (SSgt),37841,4,1,0,False
29,Male,Married,1,E-5 (SSgt),41781,9,2,0,True
43,Male,Married,3,E-7 (MSgt),69467,25,6,0,True
33,Male,Married,3,E-6 (TSgt),50683,15,3,0,True
36,Male,Single,0,E-7 (MSgt),58475,16,4,0,True
22,Female,Single,0,E-5 (SSgt),38966,6,1,0,False
39,Female,Single,0,E-7 (MSgt),64414,22,5,10000,True
42,Male,Married,2,E-7 (MSgt),69395,22,5,20000,True
31,Female,Married,0,E-6 (TSgt),51265,15,3,0,True
45,Female,Married,1,E-8 (SMSgt),85260,25,6,15000,True
22,Male,Single,0,E-4 (SrA),34559,2,0,0,False
32,Female,Married,3,E-6 (TSgt),50698,13,3,0,True
34,Male,Single,0,E-8 (SMSgt),72743,18,4,25000,True
31,Male,Married,2,E-7 (MSgt),61394,14,3,0,True
37,Male,Single,0,E-8 (SMSgt),74495,18,4,10000,True
22,Male,Single,0,E-4 (SrA),31946,2,0,0,False
29,Male,Married,3,E-5 (SSgt),43424,9,2,0,True
33,Female,Single,0,E-6 (TSgt),49912,13,3,0,True
43,Female,Married,0,E-7 (MSgt),72458,27,6,10000,True
43,Male,Married,3,E-7 (MSgt),71114,27,6,15000,True
33,Female,Single,0,E-7 (MSgt),59068,14,3,25000,True
38,Male,Married,1,E-8 (SMSgt),78649,21,5,20000,True
24,Male,Single,0,E-4 (SrA),37056,5,1,0,False
21,Male,Married,0,E-4 (SrA),33073,3,0,5000,True
18,Male,Single,1,E-1 (AB),25134,0,0,0,False
22,Female,Single,0,E-4 (SrA),33448,2,0,0,False
40,Female,Married,3,E-7 (MSgt),67467,20,5,0,True
43,Male,Single,1,E-7 (MSgt),71159,24,6,20000,True
27,Male,Single,0,E-5 (SSgt),42242,8,2,0,True
39,Male,Married,1,E-8 (SMSgt),76458,19,4,0,True
22,Male,Single,0,E-3 (A1C),29888,3,0,0,False
21,Female,Married,3,E-4 (SrA),34596,5,1,0,True
19,Male,Single,0,E-4 (SrA),35258,3,0,0,False
37,Male,Married,2,E-7 (MSgt),65167,18,4,0,True
27,Male,Married,2,E-5 (SSgt),40323,7,1,5000,True
43,Male,Married,2,E-8 (SMSgt),81318,24,6,25000,True
36,Male,Single,0,E-7 (MSgt),61324,17,4,0,True
43,Male,Married,4,E-9 (CMSgt),103790,24,6,20000,True
18,Male,Married,4,E-1 (AB),24093,0,0,0,True
41,Male,Married,1,E-8 (SMSgt),88143,25,6,20000,True
22,Female,Single,0,E-4 (SrA),37398,5,1,0,False
30,Male,Married,4,E-7 (MSgt),55918,13,3,15000,True
21,Male,Single,0,E-4 (SrA),33905,3,0,0,False
33,Female,Married,2,E-7 (MSgt),58383,14,3,10000,True
41,Male,Married,0,E-7 (MSgt),67247,23,5,5000,True
33,Female,Single,0,E-7 (MSgt),58070,15,3,0,True
40,Male,Married,0,E-8 (SMSgt),75708,20,5,20000,True
19,Male,Single,0,E-3 (A1C),31894,3,0,0,True
34,Male,Single,0,E-7 (MSgt),61557,17,4,10000,True
45,Male,Married,2,E-7 (MSgt),71831,26,6,5000,True
44,Male,Single,0,E-9 (CMSgt),111850,27,6,20000,True
37,Male,Married,3,E-7 (MSgt),67126,20,5,5000,True
41,Male,Married,3,E-7 (MSgt),68150,25,6,0,True
29,Male,Single,0,E-7 (MSgt),56982,12,3,0,True
35,Male,Married,0,E-7 (MSgt),62779,18,4,20000,True
20,Female,Single,0,E-3 (A1C),30883,2,0,0,False
45,Female,Single,0,E-7 (MSgt),74577,27,6,0,True
18,Female,Single,0,E-1 (AB),24664,0,0,0,False
18,Male,Single,0,E-1 (AB),23818,0,0,20000,False
36,Male,Single,0,E-7 (MSgt),66191,19,4,0,True
28,Male,Single,1,E-5 (SSgt),40398,9,2,0,True
22,Male,Single,0,E-4 (SrA),32119,2,0,0,False
29,Male,Single,0,E-5 (SSgt),42445,10,2,0,True
20,Male,Married,3,E-1 (AB),23179,0,0,0,True
18,Male,Single,0,E-1 (AB),23562,0,0,0,False
18,Male,Single,0,E-2 (Amn),28755,1,0,0,False
25,Male,Married,2,E-5 (SSgt),40579,5,1,10000,True
27,Male,Married,2,E-6 (TSgt),44317,8,2,0,True
28,Male,Married,0,E-5 (SSgt),42981,11,2,0,True
29,Female,Single,1,E-6 (TSgt),46968,11,2,0,True
30,Male,Single,0,E-6 (TSgt),48800,13,3,0,True
29,Male,Single,0,E-5 (SSgt),40328,9,2,0,True
31,Male,Single,0,E-7 (MSgt),60164,13,3,0,True
19,Female,Single,0,E-1 (AB),23511,0,0,0,False
36,Male,Married,0,E-7 (MSgt),62638,18,4,0,True
35,Male,Married,3,E-8 (SMSgt),71501,17,4,0,True
20,Male,Single,2,E-4 (SrA),36080,4,1,0,False
40,Male,Married,2,E-8 (SMSgt),83674,22,5,0,True
34,Male,Married,0,E-7 (MSgt),63690,16,4,0,True
43,Male,Married,0,E-8 (SMSgt),89511,26,6,20000,True
25,Female,Married,2,E-5 (SSgt),38962,6,1,20000,True
43,Male,Married,2,E-9 (CMSgt),103104,26,6,0,True
27,Male,Single,1,E-5 (SSgt),44008,10,2,0,True
43,Female,Married,1,E-8 (SMSgt),81973,23,5,0,True
19,Male,Single,0,E-4 (SrA),33471,2,0,0,True
36,Male,Married,1,E-8 (SMSgt),75238,20,5,20000,True
26,Male,Single,0,E-6 (TSgt),45022,10,2,15000,True
24,Male,Single,0,E-5 (SSgt),38110,4,1,10000,False
21,Female,Single,0,E-4 (SrA),33470,2,0,10000,True
43,Male,Married,3,E-7 (MSgt),71428,24,6,0,True
38,Female,Single,0,E-8 (SMSgt),77503,21,5,20000,True
35,Male,Married,2,E-7 (MSgt),63227,18,4,15000,True
30,Male,Married,1,E-7 (MSgt),55937,13,3,20000,True
28,Male,Married,4,E-6 (TSgt),44265,9,2,10000,True
41,Male,Married,1,E-9 (CMSgt),100059,23,5,0,True
21,Male,Single,0,E-4 (SrA),34426,5,1,0,False
42,Female,Married,4,E-9 (CMSgt),99712,24,6,0,True
38,Male,Married,2,E-9 (CMSgt),94401,20,5,15000,True
42,Female,Married,2,E-8 (SMSgt),81103,23,5,15000,True
21,Male,Single,0,E-4 (SrA),32639,3,0,0,False
27,Female,Single,1,E-4 (SrA),35683,7,1,0,True
22,Male,Single,0,E-5 (SSgt),37647,5,1,0,False
26,Male,Single,0,E-5 (SSgt),37917,6,1,0,False
41,Female,Single,0,E-7 (MSgt),71659,25,6,0,True
20,Male,Single,1,E-3 (A1C),30052,3,0,15000,False
34,Male,Married,4,E-8 (SMSgt),72242,16,4,0,True
20,Male,Single,0,E-5 (SSgt),37337,4,1,0,False
33,Male,Single,0,E-8 (SMSgt),75071,16,4,0,True
21,Female,Single,0,E-4 (SrA),35304,3,0,0,False
35,Male,Married,2,E-6 (TSgt),53134,15,3,0,True
34,Female,Married,0,E-7 (MSgt),63466,17,4,0,True
24,Male,Married,3,E-4 (SrA),36361,6,1,0,True
41,Male,Single,0,E-7 (MSgt),67697,21,5,10000,True
40,Male,Married,1,E-7 (MSgt),70043,24,6,0,True
22,Male,Single,0,E-4 (SrA),35384,6,1,0,False
29,Male,Married,2,E-6 (TSgt),48455,13,3,5000,True
34,Male,Single,0,E-8 (SMSgt),74949,18,4,10000,True
40,Male,Married,1,E-8 (SMSgt),83770,21,5,0,True
30,Male,Married,2,E-7 (MSgt),57974,13,3,25000,True
40,Male,Single,0,E-8 (SMSgt),85046,23,5,15000,True
42,Male,Married,2,E-7 (MSgt),67535,23,5,15000,True
20,Female,Single,0,E-3 (A1C),29715,2,0,0,False
26,Male,Single,0,E-5 (SSgt),39876,8,2,10000,True
34,Male,Married,1,E-7 (MSgt),61068,18,4,0,True
34,Male,Single,0,E-7 (MSgt),60713,14,3,20000,True
37,Male,Single,0,E-7 (MSgt),64777,19,4,0,True
33,Male,Single,0,E-6 (TSgt),49099,13,3,0,True
42,Male,Married,3,E-7 (MSgt),72908,25,6,20000,True
39,Male,Married,1,E-8 (SMSgt),75853,19,4,0,True
30,Male,Married,2,E-7 (MSgt),60447,13,3,0,True
44,Male,Married,3,E-8 (SMSgt),84410,25,6,20000,True
36,Female,Single,1,E-7 (MSgt),61045,17,4,0,True
34,Male,Single,0,E-8 (SMSgt),75067,18,4,15000,True
21,Male,Single,1,E-4 (SrA),32756,3,0,0,False
29,Male,Single,0,E-7 (MSgt),55457,13,3,20000,True
26,Male,Single,0,E-6 (TSgt),46826,9,2,20000,True
36,Male,Married,0,E-7 (MSgt),67772,20,5,5000,True
29,Female,Married,4,E-6 (TSgt),47483,9,2,0,True
26,Male,Single,0,E-6 (TSgt),44486,9,2,0,True
24,Male,Married,3,E-4 (SrA),35788,5,1,0,False
45,Male,Married,0,E-8 (SMSgt),84893,27,6,15000,True
31,Male,Single,0,E-7 (MSgt),56115,14,3,20000,True
37,Male,Single,0,E-7 (MSgt),66343,20,5,0,True
36,Male,Married,0,E-7 (MSgt),61181,16,4,0,True
43,Male,Single,0,E-9 (CMSgt),99814,25,6,5000,True
32,Male,Single,0,E-7 (MSgt),55017,13,3,0,True
33,Male,Married,3,E-7 (MSgt),63952,16,4,10000,True
38,Male,Married,2,E-8 (SMSgt),76683,21,5,0,True
22,Male,Married,0,E-3 (A1C),29825,2,0,0,True
20,Male,Single,1,E-5 (SSgt),37993,4,1,0,True
29,Male,Single,1,E-5 (SSgt),41503,10,2,0,True
42,Male,Single,2,E-8 (SMSgt),81628,24,6,15000,True
37,Male,Single,0,E-8 (SMSgt),77973,20,5,0,True
44,Male,Married,1,E-8 (SMSgt),90691,27,6,0,True
38,Female,Married,2,E-8 (SMSgt),77881,19,4,30000,True
21,Male,Single,0,E-5 (SSgt),39374,5,1,0,False
38,Male,Married,1,E-8 (SMSgt),84368,21,5,0,True
40,Male,Married,2,E-7 (MSgt),68189,21,5,0,True
33,Male,Married,0,E-7 (MSgt),57322,13,3,15000,True
42,Male,Married,2,E-7 (MSgt),71469,26,6,0,True
24,Male,Married,3,E-5 (SSgt),40173,6,1,0,True
30,Female,Married,2,E-6 (TSgt),50735,13,3,15000,True
38,Male,Married,0,E-7 (MSgt),64237,19,4,0,True
27,Male,Married,1,E-5 (SSgt),41152,7,1,0,True
43,Male,Single,0,E-8 (SMSgt),81655,25,6,25000,True
24,Female,Single,0,E-4 (SrA),35375,5,1,10000,False
31,Male,Married,1,E-7 (MSgt),55360,12,3,0,True
43,Female,Single,0,E-8 (SMSgt),82561,25,6,0,True
22,Male,Single,0,E-4 (SrA),31919,2,0,0,False
20,Female,Single,0,E-1 (AB),24453,0,0,0,False
40,Male,Single,1,E-7 (MSgt),69840,24,6,10000,True
28,Female,Single,0,E-6 (TSgt),46842,11,2,25000,True
28,Male,Single,0,E-5 (SSgt),43029,10,2,0,False
35,Female,Married,0,E-8 (SMSgt),75129,17,4,10000,True
32,Male,Married,2,E-7 (MSgt),56995,14,3,0,True
29,Male,Single,0,E-6 (TSgt),46844,9,2,25000,True
26,Male,Single,0,E-5 (SSgt),43479,9,2,0,True
27,Male,Married,2,E-5 (SSgt),45300,11,2,0,True
43,Male,Single,0,E-7 (MSgt),70389,24,6,0,True
29,Male,Single,0,E-5 (SSgt),43205,10,2,10000,True
34,Male,Single,0,E-7 (MSgt),58290,16,4,20000,True
23,Male,Single,0,E-5 (SSgt),38859,6,1,0,False
24,Female,Single,0,E-4 (SrA),33417,4,1,0,False
31,Male,Married,4,E-7 (MSgt),61515,14,3,10000,True
30,Female,Married,3,E-6 (TSgt),48088,13,3,25000,True
25,Male,Single,0,E-5 (SSgt),37486,5,1,10000,False
27,Male,Married,3,E-6 (TSgt),47940,9,2,0,True
26,Male,Married,1,E-5 (SSgt),44168,9,2,5000,True
35,Male,Single,0,E-7 (MSgt),62587,16,4,20000,True
44,Male,Married,1,E-8 (SMSgt),80246,24,6,20000,True
43,Male,Married,2,E-7 (MSgt),69304,27,6,0,True
19,Male,Single,1,E-3 (A1C),28921,1,0,0,True
22,Male,Single,1,E-4 (SrA),32065,2,0,0,False
22,Female,Single,0,E-5 (SSgt),37789,6,1,0,True
23,Female,Single,0,E-4 (SrA),37075,7,1,0,False
36,Male,Single,0,E-8 (SMSgt),81274,19,4,20000,True
25,Male,Single,0,E-6 (TSgt),44404,8,2,0,True
33,Male,Single,0,E-8 (SMSgt),75059,16,4,0,True
30,Male,Married,1,E-5 (SSgt),43811,10,2,0,True
18,Male,Single,0,E-1 (AB),23601,0,0,0,False
39,Male,Single,0,E-8 (SMSgt),81675,21,5,0,True
37,Male,Married,2,E-8 (SMSgt),76869,20,5,25000,True
34,Female,Single,0,E-8 (SMSgt),73615,18,4,0,True
24,Male,Single,0,E-4 (SrA),36343,5,1,5000,False
42,Male,Single,2,E-9 (CMSgt),98601,24,6,10000,True
30,Male,Married,2,E-5 (SSgt),45299,10,2,0,True
21,Male,Single,0,E-4 (SrA),32965,3,0,0,True
21,Male,Single,0,E-4 (SrA),34363,3,0,0,False
23,Female,Single,0,E-5 (SSgt),38494,5,1,25000,True
45,Male,Married,3,E-8 (SMSgt),85077,27,6,5000,True
36,Female,Single,0,E-7 (MSgt),59125,17,4,0,True
29,Male,Married,2,E-7 (MSgt),57306,12,3,0,True
39,Male,Married,3,E-7 (MSgt),70691,23,5,0,True
24,Male,Single,0,E-5 (SSgt),41059,6,1,15000,True
44,Male,Married,1,E-8 (SMSgt),86909,26,6,20000,True
27,Female,Single,0,E-6 (TSgt),47423,9,2,0,True
43,Female,Married,2,E-7 (MSgt),73095,26,6,0,True
36,Male,Single,2,E-8 (SMSgt),75525,16,4,5000,True
24,Male,Single,0,E-5 (SSgt),37947,4,1,0,False
20,Male,Single,0,E-2 (Amn),28207,1,0,0,False
30,Female,Single,0,E-6 (TSgt),48523,10,2,0,True
30,Male,Married,1,E-6 (TSgt),48467,12,3,0,True
35,Male,Married,0,E-7 (MSgt),63953,17,4,15000,True
45,Male,Single,2,E-7 (MSgt),73613,27,6,0,True
43,Male,Single,0,E-7 (MSgt),67348,24,6,0,True
37,Male,Married,2,E-8 (SMSgt),74126,19,4,20000,True
45,Male,Married,1,E-7 (MSgt),69793,25,6,0,True
25,Female,Married,0,E-5 (SSgt),41621,8,2,10000,True
26,Male,Single,0,E-5 (SSgt),43728,9,2,0,False
24,Male,Single,0,E-6 (TSgt),43517,8,2,0,True
18,Female,Single,0,E-1 (AB),24930,0,0,0,False
20,Male,Single,0,E-4 (SrA),34458,2,0,0,False
30,Female,Married,0,E-6 (TSgt),48166,13,3,0,True
45,Male,Married,2,E-7 (MSgt),73253,25,6,0,True
42,Male,Married,2,E-9 (CMSgt),109288,25,6,0,True
45,Female,Married,1,E-7 (MSgt),74596,27,6,0,True
34,Male,Married,0,E-7 (MSgt),63822,17,4,0,True
42,Male,Married,1,E-7 (MSgt),75406,26,6,0,True
41,Male,Married,3,E-8 (SMSgt),86645,25,6,30000,True
18,Male,Single,0,E-2 (Amn),27301,1,0,0,False
23,Male,Married,2,E-4 (SrA),35192,3,0,20000,True
38,Male,Married,2,E-7 (MSgt),63866,18,4,15000,True
23,Female,Single,0,E-4 (SrA),34319,3,0,0,True
43,Male,Married,2,E-7 (MSgt),70083,26,6,25000,True
29,Male,Single,0,E-6 (TSgt),47325,9,2,0,True
30,Male,Married,1,E-6 (TSgt),46919,12,3,0,True
30,Male,Single,0,E-6 (TSgt),53008,14,3,0,True
32,Male,Single,0,E-7 (MSgt),57765,14,3,0,True
38,Female,Single,0,E-7 (MSgt),60793,18,4,0,True
33,Male,Single,0,E-7 (MSgt),59532,15,3,15000,True
39,Male,Single,1,E-8 (SMSgt),74265,19,4,20000,True
38,Male,Single,0,E-9 (CMSgt),99562,21,5,0,True
28,Male,Married,0,E-5 (SSgt),44892,10,2,0,True
45,Male,Married,3,E-8 (SMSgt),91359,27,6,10000,True
22,Male,Single,0,E-5 (SSgt),37391,5,1,0,False
21,Female,Single,0,E-4 (SrA),32008,2,0,0,False
20,Male,Married,4,E-1 (AB),24962,0,0,0,True
36,Male,Single,0,E-8 (SMSgt),82503,20,5,5000,True
37,Male,Single,0,E-8 (SMSgt),74892,17,4,0,True
42,Male,Married,3,E-8 (SMSgt),87051,26,6,0,True
35,Male,Married,0,E-7 (MSgt),58789,15,3,15000,True
32,Male,Married,0,E-6 (TSgt),53835,15,3,15000,True
26,Male,Single,0,E-6 (TSgt),45855,8,2,0,True
34,Male,Married,4,E-7 (MSgt),59676,16,4,20000,True
31,Male,Married,1,E-7 (MSgt),55472,12,3,20000,True
32,Male,Single,0,E-8 (SMSgt),76758,16,4,0,True
18,Female,Single,0,E-4 (SrA),31633,2,0,0,True
38,Female,Single,0,E-7 (MSgt),66302,22,5,0,True
39,Male,Married,2,E-8 (SMSgt),82228,22,5,15000,True
39,Female,Married,2,E-8 (SMSgt),80179,23,5,0,True
20,Male,Single,0,E-4 (SrA),31894,2,0,0,False
33,Male,Married,2,E-7 (MSgt),62889,16,4,0,True
40,Male,Married,4,E-7 (MSgt),67898,20,5,10000,True
42,Male,Married,2,E-7 (MSgt),74179,26,6,0,True
28,Male,Single,0,E-7 (MSgt),58869,12,3,0,True
29,Female,Single,0,E-5 (SSgt),42515,9,2,0,True
27,Male,Single,1,E-5 (SSgt),45392,11,2,0,True
33,Male,Married,2,E-7 (MSgt),57031,13,3,0,True
25,Male,Married,3,E-5 (SSgt),42116,8,2,0,True
23,Female,Single,0,E-5 (SSgt),40737,5,1,15000,True
29,Male,Single,0,E-6 (TSgt),44877,9,2,10000,True
41,Male,Married,1,E-9 (CMSgt),98267,22,5,0,True
45,Male,Single,0,E-8 (SMSgt),85569,25,6,10000,True
38,Male,Married,2,E-8 (SMSgt),78823,22,5,0,True
25,Female,Single,1,E-6 (TSgt),43307,8,2,0,True
43,Female,Single,0,E-8 (SMSgt),89930,26,6,0,True
45,Male,Single,0,E-9 (CMSgt),109135,25,6,5000,True
21,Female,Single,0,E-3 (A1C),30413,3,0,0,True
43,Male,Married,1,E-9 (CMSgt),98336,24,6,0,True
25,Female,Single,0,E-5 (SSgt),39629,8,2,0,True
43,Male,Married,0,E-8 (SMSgt),91837,27,6,0,True
45,Male,Married,3,E-7 (MSgt),72678,27,6,15000,True
35,Male,Married,2,E-8 (SMSgt),73834,17,4,25000,True
45,Male,Married,1,E-7 (MSgt),72770,27,6,5000,True
45,Male,Married,2,E-9 (CMSgt),102276,25,6,0,True
22,Male,Single,2,E-5 (SSgt),39658,6,1,0,False
26,Male,Married,2,E-5 (SSgt),42917,8,2,10000,True
21,Male,Single,0,E-5 (SSgt),38326,4,1,10000,True
44,Male,Married,1,E-8 (SMSgt),90099,27,6,20000,True
39,Male,Married,1,E-8 (SMSgt),80677,22,5,0,True
34,Female,Married,0,E-7 (MSgt),63535,17,4,0,True
26,Male,Single,0,E-5 (SSgt),42995,9,2,10000,True
18,Male,Married,0,E-3 (A1C),28850,2,0,0,False
38,Male,Married,1,E-7 (MSgt),65796,20,5,30000,True
37,Female,Single,1,E-9 (CMSgt),93816,20,5,20000,True
30,Male,Married,0,E-5 (SSgt),45356,11,2,15000,True
45,Male,Married,1,E-9 (CMSgt),104987,26,6,0,True
33,Female,Single,0,E-6 (TSgt),54355,15,3,20000,True
30,Female,Single,0,E-6 (TSgt),45166,10,2,15000,True
31,Male,Married,2,E-6 (TSgt),49372,11,2,0,True
20,Male,Married,0,E-1 (AB),24624,0,0,0,False
23,Male,Single,0,E-5 (SSgt),38991,4,1,0,False
35,Female,Married,0,E-6 (TSgt),50796,15,3,0,True
36,Male,Married,4,E-8 (SMSgt),79083,20,5,0,True
22,Male,Married,2,E-5 (SSgt),39990,5,1,0,True
32,Female,Single,0,E-6 (TSgt),48575,13,3,25000,True
42,Male,Single,1,E-7 (MSgt),67767,24,6,0,True
19,Male,Married,2,E-2 (Amn),27978,1,0,25000,True
27,Male,Married,1,E-5 (SSgt),43256,10,2,0,True
41,Male,Married,3,E-8 (SMSgt),80003,22,5,0,True
35,Male,Married,3,E-6 (TSgt),50747,15,3,0,True
44,Male,Married,2,E-8 (SMSgt),82546,24,6,0,True
30,Male,Single,0,E-6 (TSgt),52231,14,3,0,True
22,Male,Single,0,E-5 (SSgt),40305,6,1,0,False
40,Female,Single,1,E-9 (CMSgt),99352,20,5,0,True
41,Male,Married,3,E-8 (SMSgt),87054,23,5,0,True
18,Female,Single,1,E-1 (AB),24141,0,0,0,False
39,Male,Married,1,E-8 (SMSgt),79502,23,5,0,True
18,Female,Single,1,E-2 (Amn),26578,1,0,0,True
35,Male,Married,0,E-7 (MSgt),58654,15,3,15000,True
32,Male,Married,1,E-7 (MSgt),63604,16,4,10000,True
34,Male,Married,2,E-7 (MSgt),63290,18,4,0,True
28,Female,Married,2,E-6 (TSgt),44169,8,2,0,True
38,Male,Single,0,E-8 (SMSgt),75735,18,4,0,True
43,Male,Married,3,E-7 (MSgt),71462,25,6,0,True
42,Male,Married,1,E-8 (SMSgt),87052,25,6,0,True
39,Female,Married,2,E-8 (SMSgt),78953,22,5,10000,True
44,Male,Married,3,E-7 (MSgt),72999,24,6,10000,True
44,Female,Married,1,E-7 (MSgt),71081,25,6,20000,True
34,Male,Single,0,E-7 (MSgt),60843,18,4,15000,True
30,Female,Single,1,E-6 (TSgt),52852,14,3,0,True
18,Male,Single,0,E-1 (AB),23174,0,0,0,False
19,Male,Single,0,E-1 (AB),25190,0,0,0,False
26,Male,Married,1,E-5 (SSgt),43485,8,2,0,True
20,Male,Single,0,E-1 (AB),24689,0,0,5000,True
18,Male,Single,0,E-1 (AB),24858,0,0,0,False
38,Male,Married,0,E-7 (MSgt),66400,22,5,0,True
33,Male,Married,2,E-6 (TSgt),52113,13,3,10000,True
40,Male,Married,1,E-8 (SMSgt),79381,20,5,5000,True
23,Male,Married,4,E-4 (SrA),34834,3,0,0,True
45,Male,Single,0,E-9 (CMSgt),111927,27,6,10000,True
34,Male,Married,1,E-7 (MSgt),63864,16,4,0,True
22,Male,Single,0,E-5 (SSgt),39241,4,1,10000,True
22,Male,Single,0,E-4 (SrA),32596,2,0,5000,True
23,Male,Single,2,E-5 (SSgt),42457,7,1,15000,True
20,Male,Single,0,E-4 (SrA),33677,2,0,0,False
38,Male,Married,1,E-8 (SMSgt),82554,20,5,0,True
40,Male,Single,0,E-7 (MSgt),68687,22,5,0,True
22,Male,Single,0,E-4 (SrA),35716,6,1,0,False
38,Female,Married,2,E-8 (SMSgt),80721,22,5,0,True
22,Male,Single,0,E-4 (SrA),33418,2,0,0,False
27,Male,Single,0,E-5 (SSgt),44406,10,2,0,True
27,Male,Single,0,E-6 (TSgt),45303,9,2,10000,True
36,Male,Single,0,E-8 (SMSgt),78446,19,4,15000,True
34,Male,Married,2,E-7 (MSgt),62169,18,4,0,True
38,Male,Married,3,E-9 (CMSgt),102498,22,5,0,True
31,Male,Single,0,E-6 (TSgt),51620,15,3,0,True
26,Male,Single,1,E-6 (TSgt),44189,9,2,25000,True
31,Male,Single,0,E-7 (MSgt),57878,15,3,10000,True
18,Male,Single,0,E-1 (AB),23141,0,0,0,False
36,Female,Married,0,E-7 (MSgt),65317,20,5,20000,True
30,Male,Married,3,E-6 (TSgt),46135,11,2,10000,True
30,Female,Married,2,E-7 (MSgt),55474,13,3,30000,True
21,Male,Single,1,E-4 (SrA),34717,2,0,0,True
18,Male,Single,0,E-4 (SrA),34490,2,0,0,False
34,Male,Married,2,E-7 (MSgt),58507,14,3,0,True
25,Male,Married,2,E-5 (SSgt),42535,7,1,0,True
19,Female,Married,1,E-4 (SrA),32341,3,0,0,True
45,Male,Single,0,E-8 (SMSgt),86718,25,6,10000,True
25,Female,Married,3,E-5 (SSgt),41910,8,2,0,True
24,Male,Single,0,E-5 (SSgt),38673,5,1,0,False
43,Female,Married,3,E-7 (MSgt),68957,24,6,0,True
43,Male,Single,0,E-8 (SMSgt),84045,24,6,30000,True
19,Male,Single,0,E-4 (SrA),32968,2,0,0,True
39,Male,Married,3,E-8 (SMSgt),79619,19,4,10000,True
39,Male,Married,2,E-8 (SMSgt),78801,22,5,0,True
20,Male,Single,0,E-3 (A1C),28392,1,0,0,False
44,Male,Married,2,E-8 (SMSgt),85555,27,6,10000,True
35,Female,Single,0,E-8 (SMSgt),73402,17,4,0,True
29,Male,Married,4,E-6 (TSgt),49091,12,3,0,True
18,Male,Married,3,E-2 (Amn),26753,1,0,0,True
39,Male,Married,2,E-7 (MSgt),66597,19,4,15000,True
29,Male,Married,2,E-6 (TSgt),45207,9,2,10000,True
22,Male,Single,2,E-5 (SSgt),37528,5,1,0,False
44,Male,Married,2,E-9 (CMSgt),105998,25,6,25000,True
42,Male,Married,3,E-8 (SMSgt),80522,24,6,15000,True
34,Male,Married,2,E-6 (TSgt),51461,14,3,20000,True
33,Male,Married,0,E-6 (TSgt),51858,14,3,0,True
32,Male,Married,1,E-7 (MSgt),59228,16,4,0,True
40,Male,Married,2,E-8 (SMSgt),75520,20,5,0,True
32,Male,Married,0,E-6 (TSgt),49229,13,3,15000,True
22,Male,Single,1,E-3 (A1C),29473,3,0,0,False
38,Male,Married,2,E-7 (MSgt),62816,20,5,0,True
31,Male,Married,0,E-6 (TSgt),48683,13,3,0,True
19,Female,Single,0,E-4 (SrA),33346,3,0,0,False
28,Male,Single,2,E-5 (SSgt),42417,9,2,0,True
36,Female,Single,0,E-8 (SMSgt),76529,17,4,0,True
24,Male,Married,2,E-5 (SSgt),40070,6,1,15000,True
23,Male,Married,4,E-4 (SrA),32845,3,0,0,True
45,Male,Married,2,E-9 (CMSgt),100753,25,6,0,True
19,Female,Married,1,E-4 (SrA),34510,2,0,0,True
23,Male,Single,0,E-5 (SSgt),39065,5,1,0,True
35,Female,Single,0,E-8 (SMSgt),79337,18,4,0,True
19,Female,Single,2,E-2 (Amn),27478,1,0,0,False
35,Male,Married,0,E-8 (SMSgt),78716,19,4,5000,True
32,Male,Single,0,E-6 (TSgt),50028,13,3,0,True
44,Male,Married,0,E-8 (SMSgt),86780,27,6,0,True
36,Male,Single,0,E-7 (MSgt),62954,18,4,10000,True
19,Female,Single,0,E-1 (AB),24210,0,0,5000,True
37,Female,Single,0,E-8 (SMSgt),72938,17,4,0,True
42,Male,Single,0,E-8 (SMSgt),80271,22,5,0,True
23,Male,Married,0,E-5 (SSgt),40858,6,1,0,False
18,Male,Single,0,E-1 (AB),25210,0,0,0,True
41,Male,Single,0,E-7 (MSgt),67626,23,5,0,True
32,Female,Single,0,E-6 (TSgt),48022,12,3,0,True
45,Male,Married,3,E-7 (MSgt),70718,27,6,0,True
40,Male,Single,0,E-7 (MSgt),67595,21,5,0,True
27,Male,Married,2,E-6 (TSgt),47176,11,2,0,True
36,Male,Single,0,E-7 (MSgt),68508,20,5,0,True
34,Male,Married,1,E-7 (MSgt),57764,14,3,0,True
22,Male,Single,2,E-4 (SrA),32898,2,0,0,True
21,Male,Single,0,E-2 (Amn),28123,1,0,20000,True
27,Male,Married,1,E-6 (TSgt),48505,10,2,25000,True
41,Female,Married,0,E-7 (MSgt),70549,25,6,10000,True
34,Male,Married,2,E-7 (MSgt),60495,16,4,10000,True
27,Male,Single,0,E-5 (SSgt),43481,8,2,15000,True
34,Male,Single,0,E-7 (MSgt),59017,17,4,15000,True
45,Male,Married,0,E-8 (SMSgt),91870,27,6,0,True
37,Male,Single,0,E-8 (SMSgt),77641,21,5,0,True
41,Male,Single,0,E-8 (SMSgt),82765,21,5,5000,True
22,Male,Single,0,E-4 (SrA),36847,6,1,0,False
